,Diabetes_012,HighBP,HighChol,CholCheck,BMI,Smoker,Stroke,HeartDiseaseorAttack,PhysActivity,Fruits,Veggies,HvyAlcoholConsump,AnyHealthcare,NoDocbcCost,GenHlth,MentHlth,PhysHlth,DiffWalk,Sex,Age,Education,Income
count,253680.0,253680.0,253680.0,253680.0,253680.0,253680.0,253680.0,253680.0,253680.0,253680.0,253680.0,253680.0,253680.0,253680.0,253680.0,253680.0,253680.0,253680.0,253680.0,253680.0,253680.0,253680.0
mean,0.29692131819615264,0.4290011037527594,0.4241209397666351,0.9626695048880479,28.382363607694735,0.44316855881425415,0.04057079785556607,0.09418558814254178,0.7565436770734784,0.6342557552822453,0.811419899085462,0.05619678334910123,0.9510525070955534,0.08417691579943236,2.5113923052664773,3.1847721538946705,4.2420805739514345,0.16822374645222327,0.4403421633554084,8.032119205298013,5.050433617155472,6.053874960580258
std,0.6981597284091015,0.49493446268990143,0.49420980465688485,0.1895707543627255,6.608694201406008,0.4967606667785632,0.19729409940016232,0.29208731475075544,0.42916904339704554,0.4816391871704334,0.39117547168449074,0.2303017888952292,0.2157587063107391,0.277653500857625,1.0684773622803934,7.412846696196173,8.717951307175127,0.374065594732803,0.49642916311850516,3.054220434168484,0.9857741757276509,2.0711475662715184
min,0.0,0.0,0.0,0.0,12.0,0.0,0.0,0.0,0.0,0.0,0.0,0.0,0.0,0.0,1.0,0.0,0.0,0.0,0.0,1.0,1.0,1.0
25%,0.0,0.0,0.0,1.0,24.0,0.0,0.0,0.0,1.0,0.0,1.0,0.0,1.0,0.0,2.0,0.0,0.0,0.0,0.0,6.0,4.0,5.0
50%,0.0,0.0,0.0,1.0,27.0,0.0,0.0,0.0,1.0,1.0,1.0,0.0,1.0,0.0,2.0,0.0,0.0,0.0,0.0,8.0,5.0,7.0
75%,0.0,1.0,1.0,1.0,31.0,1.0,0.0,0.0,1.0,1.0,1.0,0.0,1.0,0.0,3.0,2.0,3.0,0.0,1.0,10.0,6.0,8.0
max,2.0,1.0,1.0,1.0,98.0,1.0,1.0,1.0,1.0,1.0,1.0,1.0,1.0,1.0,5.0,30.0,30.0,1.0,1.0,13.0,6.0,8.0
